{
    "yay.png":"yay.mp3",
    "tada.png":"tada.mp3",
    "victoryroyale.jpg":"victoryroyale.mp3",
    "soy.png":"soy.mp3",
    "mixedracecouple.jpg":"mixedracecouple.mp3",
    "yippee.jpeg":"yippee.mp3",
    "confetti":"partyblower.mp3",
    "officerdown.jpg":"officer.mp3",
    "l_guy2.jpg":"scream.mp3",
    "drive.jpg":"drive.mp3",
    "l_peter.jpg":"knee.mp3",
    "l_mario.jpg":"oof.mp3",
    "l_sad1.jpg":"lose.mp3",
    "l_sad2.jpeg":"lose.mp3",
    "l_sad2.png":"lose.mp3",
    "l_sad3.jpg":"lose.mp3"
    

}